epoch,accuracy,auc_2,auc_3,loss,precision_1,recall_1,val_accuracy,val_auc_2,val_auc_3,val_loss,val_precision_1,val_recall_1
0,0.9033625721931458,0.8786863684654236,0.9377879500389099,0.311839759349823,0.8961129784584045,0.9875144362449646,0.8791500926017761,0.8771780133247375,0.9691324234008789,0.524142861366272,0.9487179517745972,0.9093701839447021
1,0.9282163977622986,0.9421260356903076,0.9722818732261658,0.21186691522598267,0.9265424013137817,0.9836726784706116,0.9169986844062805,0.9218340516090393,0.9849559664726257,0.30853915214538574,0.9298758506774902,0.9777265787124634
2,0.9385964870452881,0.9571375846862793,0.980071485042572,0.18188469111919403,0.9400514960289001,0.9819439053535461,0.8320053219795227,0.8801259994506836,0.9677570462226868,0.5196275115013123,0.9687220454216003,0.8325653076171875
3,0.9419590830802917,0.9645680785179138,0.9839325547218323,0.16681750118732452,0.9447013139724731,0.9811755418777466,0.9103585481643677,0.8771460056304932,0.9695285558700562,0.31102263927459717,0.9135364890098572,0.9900153875350952
4,0.9456140398979187,0.9666156768798828,0.984299898147583,0.16249583661556244,0.946930468082428,0.9836726784706116,0.9083665609359741,0.860201895236969,0.9650706648826599,0.3565925061702728,0.9058577418327332,0.9976958632469177
5,0.9491227865219116,0.9727863669395447,0.9882590174674988,0.14730407297611237,0.9506493210792542,0.9842489361763,0.9322709441184998,0.9317302703857422,0.9844474792480469,0.26831507682800293,0.931034505367279,0.9953917264938354
6,0.9505847692489624,0.9724939465522766,0.9876850247383118,0.16047611832618713,0.9507407546043396,0.9861698150634766,0.9276228547096252,0.9387179613113403,0.9875811338424683,0.318579763174057,0.9570881128311157,0.9592933654785156
7,0.9523391723632812,0.9749899506568909,0.9887096881866455,0.1393643319606781,0.9520192742347717,0.9871302247047424,0.9249668121337891,0.9030827879905701,0.9727120995521545,0.2510508596897125,0.9249463677406311,0.9938555955886841
