epoch,accuracy,auc_2,auc_3,loss,precision_1,recall_1,val_accuracy,val_auc_2,val_auc_3,val_loss,val_precision_1,val_recall_1
0,0.9033625721931458,0.8786863684654236,0.9377879500389099,0.311839759349823,0.8961129784584045,0.9875144362449646,0.8791500926017761,0.8771780133247375,0.9691324234008789,0.524142861366272,0.9487179517745972,0.9093701839447021
1,0.9282163977622986,0.9421260356903076,0.9722818732261658,0.21186691522598267,0.9265424013137817,0.9836726784706116,0.9169986844062805,0.9218340516090393,0.9849559664726257,0.30853915214538574,0.9298758506774902,0.9777265787124634
