,loss,accuracy,auc_2,auc_3,precision_1,recall_1,val_loss,val_accuracy,val_auc_2,val_auc_3,val_precision_1,val_recall_1
0,3.3863844871520996,0.875146210193634,0.8764257431030273,0.9373892545700073,0.9047619104385376,0.9343065619468689,0.38247284293174744,0.8671978712081909,0.8708773851394653,0.9702526330947876,0.8789545893669128,0.981566846370697
1,0.23956298828125,0.9192982316017151,0.9486590027809143,0.9780515432357788,0.9280720949172974,0.9690741300582886,0.25160467624664307,0.9017264246940613,0.9281647801399231,0.9818310737609863,0.9691057205200195,0.9155145883560181
2,0.181951105594635,0.9323099255561829,0.9665907025337219,0.9862874150276184,0.940717339515686,0.9723396301269531,0.26439493894577026,0.9322709441184998,0.9272310733795166,0.9847450256347656,0.9601227045059204,0.9615975618362427
3,0.16606977581977844,0.9390350580215454,0.9696702361106873,0.9876031875610352,0.9417081475257874,0.9805992841720581,0.18959246575832367,0.9389110207557678,0.934489905834198,0.9859431982040405,0.9441996812820435,0.9877111911773682
4,0.6261176466941833,0.9204678535461426,0.9428203701972961,0.973327100276947,0.9305503964424133,0.9677295684814453,1487.4136962890625,0.13545817136764526,0.5,0.8645418286323547,0.0,0.0
5,0.8316478133201599,0.8795321583747864,0.8893294930458069,0.9479256272315979,0.8966328501701355,0.9514022469520569,0.25362566113471985,0.8964143395423889,0.9039260745048523,0.9813786745071411,0.8940852880477905,0.9984639286994934
6,0.22260276973247528,0.9150584936141968,0.9456228613853455,0.9782679080963135,0.9131677746772766,0.9817517995834351,0.2260756641626358,0.9256308078765869,0.9082181453704834,0.9820665121078491,0.9355783462524414,0.981566846370697
7,0.1963997781276703,0.9247075915336609,0.9576740264892578,0.9834859371185303,0.9245249032974243,0.9811755418777466,0.22448813915252686,0.921646773815155,0.9217643737792969,0.9844215512275696,0.9498479962348938,0.9600614309310913
